,Y,T,Selectionbias
0,-6.521223348810843,0,-24.23175508592575
1,-14.167898996277994,1,-15.010643676993608
2,26.353283087315504,1,54.389674600339184
3,-12.047033817715672,1,-61.11688124058441
4,-24.959878994382834,1,-81.10276503703166
5,-33.53674199645032,0,-188.34839738777117
6,-36.8565312030371,0,-171.20227907033077
7,-64.28095338607582,0,258.7757866592647
8,-12.72565633712488,1,-65.1868298282712
9,-18.968965410224957,1,2.4014126219716285
10,-14.92410605897798,1,-40.308946308182854
11,-24.424412306802406,1,-108.42620044114754
12,-23.311842545195766,1,-141.86816225424877
13,13.252811346290585,1,-11.742660216522744
14,0.9578764313899836,0,3.5870049330499385
15,-44.455114818146114,0,-64.99753263008198
16,31.161671067594245,1,92.62020710612681
17,39.61623536560079,1,113.19467446114533
18,4.74170560350804,0,-1.437773240308533
19,28.826011183810312,0,85.70215218376613
20,-5.885208917682748,1,-6.153393483321172
21,1.0692040453700369,0,3.9505116153170867
22,0.35956871381282896,1,5.650240190218596
23,8.284758424467649,0,-2.9413273236656368
24,-6.665412167253671,1,5.330424475377256
25,52.09223022442225,1,266.95676257557403
26,-49.107335184686036,1,-455.5862644429211
27,26.69053278214178,0,73.75358466621083
28,-19.983915916888467,0,-57.764276486211735
29,18.358899597440494,1,49.42502481005762
30,10.308763012293406,0,-6.356861360399004
31,30.573878791553092,1,-82.15378882870542
32,-21.139276581029524,0,-116.22424847136358
33,14.849972638137643,1,17.17558598272166
34,0.3408397362606038,0,1.4430280562749311
35,15.015788584532613,0,22.6616866633982
36,-38.59368706245161,0,-397.13124589642314
37,39.55479894919709,1,171.2469588349962
38,-5.845139903573571,1,5.319390507181931
39,20.264124543063236,0,113.3672266733348
40,4.411601192585964,1,36.66068278804482
41,2.561566311186694,1,11.317170879659598
42,26.25662907694111,1,87.60266549856016
43,-19.18653377304611,0,33.4878660016011
44,-9.677704176984056,0,-32.176872160961636
45,-7.500882832782774,0,-65.29061223795047
46,9.119820778895606,0,47.159647988608135
47,39.093074432510136,0,259.6550127959581
48,13.459756387546063,0,79.08804138966859
49,27.4717124889735,1,77.77460863493151
50,40.12493293254032,1,195.04453291153078
51,8.818701533934592,0,50.7522256487749
52,-21.262275825040003,1,-23.273036232374015
53,24.181488959316912,1,61.20624194452867
54,22.601815662598142,1,15.990885356729086
55,-9.514827534996734,0,5.4330538597079086
56,9.810324751011757,1,48.0245559341495
57,-0.23909091510638428,1,-2.4489861602091074
58,18.5718835300361,1,44.74581510583043
59,2.7399917739944972,0,9.39086699851364
60,5.774656886152765,0,7.765352126395897
61,-37.94774374571819,0,-2.5334880183112007
62,-4.511968074306691,1,-9.243904049072581
63,-17.762713324687994,1,-134.75354913525598
64,-6.582540743809321,1,-44.48939598959784
65,-10.625601766487602,0,-16.915877191589406
66,-20.303370845275296,1,-14.720721920482251
67,4.684363449625417,0,13.824247835466165
68,-12.225441592476374,0,-31.990858863854232
69,-13.008315291936427,0,-31.84793868346708
70,-13.457739833339653,0,67.6012234137319
71,19.526974988138736,0,29.967462284945846
72,-27.220500133034662,0,-156.11147740474246
73,14.743279840582943,0,1.1885869592657858
74,-10.17114911112921,1,-34.70170634607539
75,21.37061695694949,1,216.32959119119872
76,28.37052471357288,1,94.30368933246632
77,-10.787478613984554,0,-46.91394215506974
78,-13.25979329589039,1,-120.27102580479067
79,4.971524032425088,1,10.403554482426728
80,-16.026842053653173,1,13.51652614547681
81,19.48955799788959,1,-4.8940129451997265
82,-16.152023826394682,1,-64.62644224317016
83,19.782216404244455,0,40.48432869704701
84,11.260965132460857,0,86.58377492907229
85,14.630155370280635,0,66.21935565940836
86,6.240993578942741,0,36.489611200045594
87,-18.107017922891355,1,-6.668948967515675
88,33.88054571679162,1,279.41258048244373
89,3.5899084197904667,1,-21.1838712191015
90,56.35733341817323,1,439.06285288230794
91,52.043515628778884,1,147.19169638419208
92,-16.98897783395971,0,-65.59405262357313
93,11.276399041757934,0,100.37478250083713
94,-7.835313370915974,1,-42.103340307578065
95,-12.94157009481564,0,28.456319319567232
96,-40.56119402107116,1,-342.4738139790102
97,-9.630060859807472,1,-28.69410284608557
98,25.845372898569686,0,-42.570746253905035
99,-22.220528133821798,0,56.54453728297896
100,19.064688591395672,1,61.38931170172056
101,22.41824285188041,0,85.50618930542342
102,-8.338193319153602,0,-47.41748697851652
103,18.527838099554682,0,87.8066378739935
104,-8.633887068199883,0,-38.539988118307896
105,-1.151880787158865,0,-7.298573113718331
106,-31.1236309880795,1,-87.72062945271509
107,-11.44253170576272,0,41.42399546911793
108,-2.366425372263027,0,-4.623787164648358
109,-5.475209229153956,0,-22.862397779592598
110,6.604519469010588,1,-10.617892820946672
111,-11.981315999904945,0,50.643536109588226
112,43.78821170845366,1,162.90878188443332
113,-36.01845063269331,0,-80.55325107028743
114,-22.311189705734034,0,-125.5347528433499
115,-29.179885827366842,0,-35.6092742090068
116,-25.723923250425226,0,-95.90581853535858
117,27.23350238969446,1,98.21998831457087
118,-37.58174120951356,0,-56.9312103859703
119,-19.441197827849336,1,-61.34058132561048
120,23.520631630041297,0,-115.61263483925748
121,-25.27259065898416,1,-187.60091290659037
122,-0.18161329147709926,0,-0.4868673902471793
123,-18.837132220836967,0,-92.9938040789544
124,11.304461302037673,1,45.04939128247241
125,19.05882907050406,1,107.42792303779812
126,-22.789444599501984,1,-111.04927734910255
127,29.635187831698698,1,188.05623739066078
128,5.834519898888224,0,19.11607893282419
129,-24.768109712480314,0,-49.93460871115679
130,5.968969505328436,0,1.5867093514269148
131,-4.597159326391094,1,-5.636676514362403
132,23.306363236668492,0,187.6788181062796
133,-16.739051090542176,1,-71.33000323296206
134,11.602811888885979,1,77.06395970045388
135,-13.066671536930947,0,-30.539217296489173
136,53.666419530727936,0,-19.224676162027855
137,26.729686726604612,0,167.32363641166373
138,15.243555814078203,1,24.78465590016696
139,2.458912205158756,0,12.684687820715409
140,-29.526849685054238,0,-90.96242389477216
141,15.027979178016189,0,62.86254026539234
142,8.76417989842025,0,16.161819994330266
143,-2.3412680728472752,0,-12.396643127650826
144,35.27302458105479,0,149.27093442587994
145,20.181869035196954,1,44.70495238200964
146,-1.6200010551876953,1,7.42067920020584
147,-28.44209367387227,0,43.53216883851821
148,8.665743084200427,0,30.508574530197254
149,31.07199594245361,0,162.2750829152499
150,1.0750587729407628,0,2.3895367754289336
151,-2.8898854660921147,0,-30.09624123012676
152,21.8652417025054,1,118.92809572085297
153,-13.550332558011629,0,14.12590102476381
154,33.40496942601985,1,198.93130256987433
155,15.746499914625502,0,-18.32270995878835
156,9.308909226897757,1,62.08206999483864
157,41.06194011570527,0,110.50745742301402
158,0.8468333572449904,0,5.259416509454309
159,27.742183065520614,0,-35.68557972042526
160,-3.1803273764897435,1,1.9643181510681231
161,26.879249842007166,1,28.042150685772942
162,-26.017031453548135,1,-85.29600264666921
163,44.66319946267342,0,47.459956981502046
164,1.969891909358787,1,10.958688680174179
165,2.1218315771146687,0,-1.5539003180696418
166,7.58359024884106,0,2.4537556628969863
167,16.393122565501002,0,145.21175379531073
168,-22.920670983002708,1,-122.20222742878278
169,-19.756977712873297,1,88.532675211751
170,-45.41372682810755,0,-423.30154733660567
171,-9.542129237000797,0,-43.448378251921035
172,-7.237919284276305,0,5.1044936171841835
173,26.575516566162786,1,8.217282181982494
174,-5.7887399330174425,0,-6.187167582436325
175,-34.713269252088296,0,-142.84039704322154
176,-19.54708420491796,1,-17.23024942822954
177,13.46103435985631,0,37.04110648372094
178,53.868492008963166,1,203.5206630042636
179,21.117615406228015,1,60.70439399278307
180,27.826428369451836,0,16.855664420227505
181,-10.335856164052304,0,-23.960019775340445
182,17.063138922973792,1,59.77499554238448
183,6.229499981208993,0,-2.618728142228426
184,8.870560614504853,1,15.529140993443184
185,38.477348417494255,0,12.609038927607472
186,9.8190288504469,1,38.40418024016711
187,12.480482328564985,0,108.11034945114443
188,10.9632890102648,0,53.11901763106148
189,-11.103241540739473,1,-19.46158382522311
190,47.2837020292321,1,-193.4593139619205
191,-10.186584564796346,1,-28.335972990912364
192,42.474063859261854,1,87.83533410533967
193,-25.18682233200105,0,-62.26018362326955
194,2.7545857417508555,0,-6.609419954673075
195,-8.71023096840397,1,-28.507039756364172
196,4.7498736523162055,1,-23.185546727895034
197,-17.62571048448978,1,-9.750639124246888
198,-8.351695255109663,0,-3.837044582257527
199,41.89578040303336,1,218.23907809886077
200,-3.4081194282197087,0,-20.124072548394
201,23.143545730852257,0,-33.638450048955605
202,23.316100119220945,0,35.37030433949754
203,-52.095740289626356,0,-291.26892856324304
204,16.16571405512581,1,107.48079923544577
205,13.732434546583432,0,24.766294405982073
206,9.168146121254672,1,34.48344179640372
207,6.437977966643508,0,46.653204850212056
208,-19.82039162389162,0,-59.63794216474411
209,27.144409475605354,1,78.79917884420027
210,28.43518456448646,1,153.92991700341068
211,26.19407058323241,1,66.68634775457303
212,17.997215731860724,0,74.4379154364873
213,-24.646179732209436,0,-63.37545723119565
214,-19.814376195625368,1,-127.14556498371503
215,-18.4460205522041,0,-11.445203689586112
216,-38.28991222380576,0,-236.19241941511007
217,-40.47320600362449,0,-262.0031389665413
218,-30.537211833884584,0,-56.2688396856503
219,29.213198887975587,0,22.525811360847772
220,38.82895999505587,1,-0.6938233903726639
221,-23.604895881720477,1,-167.64911265655815
222,-40.31224151046882,0,-59.35346435337913
223,4.099840280935017,1,26.789335188418296
224,18.73475438415632,0,71.01446678615119
225,36.39159666696333,1,210.07865481891957
226,-53.365961371338145,1,-181.930188272626
227,14.60783794563069,0,-6.450418625423786
228,13.057937295164205,1,29.233883287485114
229,-51.762926497849655,1,-461.7439723491354
230,-8.099130062961384,1,-17.310602605473733
231,21.195254724972795,0,-103.56088742146153
232,13.43380746336664,0,-1.9161851057804946
233,6.1466082967377975,1,12.7723576256526
234,21.329300275645043,0,78.33307707651997
235,57.49061642141389,1,358.49365702607577
236,-22.480362495297392,0,-122.09519270831755
237,-4.2363405594315875,1,-17.67958792494942
238,-3.977276377232979,1,-4.279660169744362
239,7.690568707454133,1,14.83783661703283
240,22.19173315414214,0,125.75166579533291
241,27.678560280161612,0,154.8037081535301
242,13.64449217523973,1,15.466410735661123
243,-2.0617330695211087,0,4.063013580726357
244,-67.63951960300007,0,-363.3798970736332
245,8.522193836773749,1,44.84106525354796
246,-7.038041236275626,1,-23.430662715612087
247,-9.254035356892766,0,-45.297391228094654
248,-14.835825224400379,1,-23.17869609695368
249,35.0214572790095,0,38.947737795954524
250,55.980103174954465,0,283.7115259400499
251,-26.121364172504354,1,-188.78571139632317
252,7.836547640629228,0,25.6414497864397
253,-34.86582270063542,1,-155.35533604620463
254,-22.933943090267785,0,-79.59640102223636
255,8.113626254697673,0,-13.385026556136179
256,24.904409843578136,0,50.713187484860796
257,-6.3869373282801725,1,-50.21464619605741
258,16.517787021157336,1,36.35248280865615
259,-14.655115441052818,1,-59.22379973673393
260,-1.7285811816489243,0,-1.2178236454110658
261,-14.684547965791593,1,-76.29912312391038
262,-12.296313468478939,1,-23.70030739826348
263,48.7287781082912,1,331.0401037470664
264,12.895435578565571,0,80.95563309517745
265,31.500771559936606,0,23.784767218959143
266,23.78388633638904,1,38.18049676077592
267,-11.904883637044465,0,-40.553123459140814
268,-3.185910673818402,1,-20.059022369239116
269,17.286503572754047,0,-17.742682760602957
270,14.514062689994015,0,3.0776117596285464
271,-11.284910216493458,0,-4.974763582224706
272,14.596527348715362,1,21.13707405105648
273,-7.404500059806503,1,-33.7850864809841
274,5.360656179449856,1,20.795919140962255
275,-16.71182809290037,1,-50.430909616821396
276,-17.87333574103652,0,-26.61971920205673
277,-25.865496234757618,1,-239.341320536617
278,-20.432344045999443,0,-19.1588253042564
279,13.690735380167897,1,-6.336204028846366
280,-19.512850192835824,0,-87.59153616091358
281,14.054493107847815,1,28.406975936933094
282,-22.62928404770511,1,-26.75200352001197
283,11.168595195135188,0,46.74193442942427
284,1.2501160189292646,0,6.827730953721914
285,0.6120685814665436,0,0.6135136253779002
286,-13.315054631166875,1,57.089175504212506
287,-12.895994507321632,0,23.067167636452947
288,24.229866225243757,0,151.76736445006466
289,-4.008683027043528,1,-14.739146559250976
290,-8.865702169622516,0,-13.778986397122322
291,2.0614349882841747,0,16.002339925879436
292,3.326774445853589,0,16.31195866856548
293,-0.03133796881683165,1,5.724263659579592
294,-4.158866078401971,1,-9.943060537549975
295,24.937640212055868,1,71.07849946528066
296,-7.469982624528955,0,11.015098722421952
297,-33.18223782250627,0,-51.7258116957314
298,-36.27090173814058,1,39.60263430309876
299,-8.23610945710524,1,-66.98090768886581
300,38.89645530758336,0,33.0267130760476
301,11.532699378553636,1,-35.50141211501437
302,2.1429889084644604,0,3.208575004613508
303,-64.90769671277562,0,-332.8244466578675
304,4.62786339242073,0,24.341699208940533
305,14.99889078535953,1,69.89119420078943
306,23.25211216369633,1,24.713244292559654
307,-30.192297532524698,1,-222.87292626299637
308,-44.29629950567416,0,-80.74183429663148
309,1.183258809429375,0,6.0839133007115
310,0.41798842422174454,0,-1.7068739767132342
311,-22.91445750737218,1,-136.04563959242208
312,-24.74218767271459,0,-151.44750039327397
313,-34.056758544394306,0,-135.0558753912885
314,16.273662292620457,1,44.19234614664138
315,-2.98644839823727,0,-2.064054645243399
316,-18.523978320299037,0,-103.74903266553252
317,-30.26777325134093,0,-21.570597981761384
318,44.255179412572105,1,23.086349686385056
319,15.033547788193923,0,160.4514782545839
320,-12.509198037326053,0,-118.32901402980238
321,-2.696415069874977,1,-20.036085500620466
322,33.64956851696502,1,305.15527683546486
323,42.70293818197112,1,57.710434335593135
324,26.524453787004177,1,-60.569433088319116
325,-1.0886165127598195,1,-10.56026803011712
326,7.228217605697314,1,20.363891451146788
327,17.063393639232245,0,41.25133338555441
328,0.10797093672355168,1,0.7450736607461872
329,-55.13127823699696,0,-17.474107903050424
330,33.31516315155826,0,56.04049619834192
331,1.6458296391256682,0,15.671128445217906
332,-12.825870179580601,0,-121.38968580659785
333,12.370365761511927,0,7.262773868022011
334,-28.86695890522686,0,18.079938515520833
335,-17.548510836863695,1,-68.82394399099587
336,18.686387794293214,0,107.03027217652733
337,28.94677049692313,0,34.84610719250868
338,20.283799838219803,1,86.12913889463371
339,10.810128350808036,1,41.51179082442386
340,-0.6080936318402288,1,-8.847058027765826
341,54.33400171139653,0,239.72819423635562
342,12.767832627824609,0,11.552691512482845
343,-18.467027377623996,1,-103.37142628934207
344,-10.081149933256432,0,49.807147959553774
345,-29.375187127819103,1,-22.159045292470058
346,-58.747572836663004,1,-156.26110456919525
347,-41.32921799135218,0,-122.53922728293718
348,20.31916609336037,1,30.689132568535264
349,-1.628673730031978,1,1.4345935436013846
350,-14.624594399596479,0,10.067241053806677
351,9.315618898575623,1,56.73726033411532
352,20.017277208908684,0,60.402354358949
353,2.585096396161529,1,11.477674742081504
354,15.140736448356977,1,41.293065962007766
355,-19.196801975239765,1,-77.26287088671262
356,-12.217041519825317,0,-48.97764217669325
357,21.390903348469447,1,1.706485519753147
358,5.867900565742618,0,36.21651559972584
359,10.274555517501277,1,5.612959340624701
360,28.470975245958027,1,149.22440748119138
361,6.393383994067902,1,22.482775076591725
362,1.5021581219713218,0,4.93051953230439
363,11.919271386154456,0,47.994470351468834
364,-14.519614594517956,0,-37.05941409962463
365,-19.93950145396904,1,-94.93585975894193
366,-5.753129392056777,0,-33.10572939817623
367,31.645540703029173,0,76.52421220473082
368,-42.30835246526589,0,-181.3095151227337
369,1.3785468401273908,0,6.150708290748027
370,-1.8262780845902176,0,-16.138500185593852
371,9.06478584004907,1,33.583946451463696
372,-28.15747577142825,0,-1.3099885153884558
373,-14.123712994505986,1,-63.08642260338321
374,-21.119326487286287,0,-87.17901952544749
375,-1.8824840006785033,1,-17.306431492713088
376,-15.930083648911475,0,-39.6794134158199
377,40.956934096810514,0,239.11204716190153
378,-6.120222255262801,0,-12.020897739610025
379,-17.365947307101973,0,-115.44363703110099
380,1.5992832746082688,0,6.532711819912151
381,50.79582099636337,0,-276.9322965547722
382,-12.181341708969692,1,-30.175691528336507
383,15.467513040169708,1,59.35057596421835
384,12.920162674817583,1,24.755715608476407
385,29.08430212403642,1,125.4465361993956
386,27.177971472384865,1,163.99184121630626
387,37.68092058246644,0,-3.7886043876992925
388,-16.633569912913867,0,-28.996275726861526
389,-1.3767208474749146,0,-2.514406004390071
390,0.7891786687116532,1,3.6630543516609237
391,-33.882459101067546,0,-101.19908581382663
392,3.021896855071663,1,10.274263656187014
393,-32.79456624338572,0,-46.7253369443263
394,28.230222113072315,1,193.08143939316983
395,13.63476855964625,1,61.32739209282524
396,28.33436345797153,0,80.32184044333262
397,-61.831635521677235,0,-138.41364415943218
398,-9.155951853145737,0,-40.427178981939335
399,-1.0176747773773689,1,-1.6320063661795978
400,14.628163128237887,1,-10.665137993499386
401,-30.914659032403705,1,-122.50085528384137
402,-27.39105082302257,0,-92.10051450612026
403,39.3951658898209,0,8.631748621873824
404,20.982940124781578,0,43.00497857770177
405,7.898906579774851,1,26.603362071910905
406,21.614389684377308,1,56.252373337704526
407,-11.441635852112855,0,-39.36174898828445
408,-11.80974313464648,1,-23.999067491238
409,15.363335261864098,1,32.77950463990415
410,32.40217546702799,0,139.88547051154313
411,21.150333908043425,0,101.66014719902283
412,-24.09658501088476,0,-140.27763931570288
413,22.03147350916848,1,84.56239529048202
414,-12.090477297434926,0,-25.685634296959613
415,-28.560275382621306,0,-77.83609724124366
416,-8.928751467025753,1,-18.18155847277013
417,33.735229796969996,1,248.0147899797009
418,22.752310476214852,1,229.57914655926643
419,10.66405805110025,0,35.07215568313015
420,14.042588485519685,1,48.89492754246864
421,-3.380880490512429,0,-12.938535451551354
422,-4.576611249471596,1,-11.961715216755126
423,51.02943502825048,0,112.99620878887745
424,-40.481025350637964,1,-148.69559323130002
425,23.204789332825133,1,-57.065872804835834
426,-2.2460232511710987,1,3.1643688105824705
427,-10.664247462011724,0,-51.98976509733905
428,24.65988344695186,1,132.07513045495406
429,12.933403133756057,0,55.627078391056514
430,-20.82317253435579,1,-76.0175801343191
431,1.6074126340755137,1,1.0617943891191073
432,-29.318096462577216,1,49.908150907647496
433,17.930481121813962,1,148.57536432453327
434,7.028138171775407,1,-0.05876090550815438
435,52.23888384886839,1,199.56184251767272
436,-5.61182408024864,0,-15.282009659774516
437,-1.9314848331244405,0,-11.451119578600629
438,31.710920041309688,0,14.675678568824816
439,1.6498062194802914,1,5.549641758561458
440,12.061366097990323,0,36.486210370635355
441,-16.189871150254184,0,-22.405746848255554
442,20.0581603133258,0,137.25493678986945
443,28.500474659037646,1,60.04083040331793
444,0.6482374586658939,1,3.969313735694711
445,-17.413619144693136,1,-101.26660849657245
446,-19.337393815050607,0,-253.65086431524102
447,33.884873068700394,0,130.06771828199385
448,-30.813076759796093,0,-81.30638072599824
449,1.237941051420865,0,5.2049435578870495
450,0.4768339198633457,0,-1.1039944808932614
451,-13.7439240088651,0,10.195759418601247
452,2.3963779846397175,1,25.82196993541191
453,10.474024859160071,1,47.2561699171315
454,13.537887665277339,0,8.55413867571935
455,18.611940233565154,0,78.82802015207449
456,2.132119318225335,1,6.637244474924294
457,23.093546352467186,1,87.49429276625243
458,-1.7943343145134794,1,2.1493812253787388
459,-16.40766788459798,1,-18.371231562971236
460,-31.46607747155923,1,7.545578331518675
461,-19.812314425654677,1,-154.27462030121654
462,7.755698855229754,1,-22.0457637359515
463,-61.515115056408696,0,-29.998016983034134
464,2.2513834448887353,1,3.802055239781379
465,-2.9870683298052523,1,-0.9895420245289532
466,29.446621671705106,0,182.18394333550512
467,27.524174483731645,1,123.31052281768216
468,27.614657250910216,1,63.70746960723289
469,5.448647556823111,0,25.359975005212938
470,16.426153997759112,0,101.80210755316088
471,42.752249715003416,0,133.78120859539368
472,-28.660686353635434,1,16.588160326143296
473,15.097485456801829,0,89.8254807894232
474,-11.519560711257716,1,38.268575556553834
475,21.633955756504882,1,-33.66218400515276
476,-34.610715189815025,1,-260.91625941315255
477,-0.503770927843235,1,-0.8755550761807007
478,-2.0926988229044303,1,-12.379398502135258
479,-0.12944180521178028,0,-0.8428692931985493
480,-0.9675786849013426,1,-2.8385157995818546
481,48.58330178038318,1,-85.81748005528927
482,-12.519532609016425,0,-43.715871032664026
483,24.5773816370779,1,92.92890231717641
484,-8.323753988359993,1,-57.4541555888367
485,66.45416084311756,0,313.7293695189116
486,-1.4441799675339522,1,-2.9916318941458435
487,-29.652238523034377,1,34.69655044977206
488,52.704688826672665,0,46.59645171588567
489,23.907484154600834,1,60.16698365704299
490,-76.2175273705061,0,216.20588569029562
491,-39.46845022802845,1,-104.27898258415829
492,18.08102633155129,0,39.212667138774705
493,3.9406008080441812,0,-3.3666990133705035
494,9.208537423250908,0,42.10723544284423
495,-22.585280879622893,0,-172.33356443701373
496,33.50701595053624,1,109.5128965092703
497,3.4101930290344407,1,9.39126037186543
498,0.7979033509338781,0,5.944564754394463
499,-17.667192322978835,0,-91.20222461441872
500,-27.034000918025338,1,-1.4709306935342175
501,12.522216671469913,0,22.69601588634597
502,18.91172159402755,0,2.013280988057934
503,26.34475274881861,1,141.24164886653094
504,12.9602903772058,1,36.1954936242873
505,35.6504865306357,1,278.8249923641872
506,3.8628091791361276,0,6.194579379623914
507,45.308425183444655,1,97.72755128061483
508,22.353360153024987,1,4.005978654808895
509,16.748600881850734,1,120.32457112290344
510,-15.012058044126817,1,2.944973026242134
511,-32.24044522646264,0,-61.04722324293843
512,40.98589036549362,0,129.6911856661337
513,35.50606821042495,1,115.45700212026568
514,-18.81533237501056,0,-50.22510965660425
515,-11.028785456615237,0,-10.331301335348055
516,30.697610119499004,1,0.6582282906207041
517,-16.703498134790987,0,2.347737101581717
518,-27.116380635254995,0,-134.55081531571557
519,-9.299669547407461,0,-19.205643828567236
520,-5.440090290064322,0,-20.119662770565157
521,-11.176493033342226,0,1.2074402809628566
522,2.5205630000703594,0,1.0965181804152455
523,46.756797612343135,1,273.1053322073479
524,-3.061516407014936,0,-19.457727554114417
525,-17.334519459594578,0,-20.612944309457582
526,-31.107519504767765,0,-54.431507580838456
527,6.820020422927008,0,25.397855562359307
528,8.69325516374308,1,54.63540004955404
529,1.9796764831047995,0,2.3959356501298052
530,24.18810649550853,0,124.15569206351539
531,36.23532278074635,0,51.99566606503858
532,-4.280030984639619,0,-27.11941314108611
533,-2.849530702494677,1,-19.55683404283608
534,22.02385627955941,1,76.76176035972075
535,-29.29792839367337,0,-131.69967450875683
536,5.3980615787497355,0,-7.453399640119568
537,16.47655837774932,1,70.08310601760223
538,23.322167426741654,0,102.04666437268489
539,-11.93092130877655,0,-53.22693745809771
540,13.944070551124074,1,-31.81915280113738
541,-15.535154282337711,0,-52.60596180340925
542,35.00897743400077,1,-31.607214147702564
543,-6.888635094750318,0,-35.234729082878864
544,21.001263189868865,0,105.42548810446495
545,-24.186481120975998,1,-125.21043118540658
546,-49.01483583795153,1,154.5186986306924
547,-14.69845960653598,1,8.650270936635883
548,-16.831809818008914,0,-55.10676818399409
549,22.835357368830813,1,126.90979086054833
550,-29.384174721637304,1,103.22483798200156
551,9.297031763351951,1,-0.3916042330810068
552,28.655780961067578,0,82.18612201140643
553,-26.177046789500444,1,100.56756833052823
554,40.99575632176632,1,-68.15541106091534
555,43.657593438338054,0,92.3660195376283
556,8.228371633124937,0,16.834432139360512
557,8.1011675495588,1,56.67031426121049
558,-3.3457083103076926,1,-35.178770383691244
559,-0.4429993173146064,1,2.8361883032788326
560,11.259647291720535,1,-3.0644138203997997
561,-23.549440400374102,1,27.576853309383093
562,4.156296223042174,1,5.670938272898743
563,33.161284217967975,0,169.015379939581
564,20.259361799694805,1,19.405664165724275
565,-45.87799052685669,0,-262.0457013129605
566,1.4199964473890299,0,4.282395982190789
567,-4.9181259202513425,0,4.480914968234769
568,-18.29236269270081,1,-29.78111648540982
569,7.808171178162849,0,37.52822083778871
570,18.880417995395003,1,46.456490002019
571,29.8392729706958,1,277.6226071205429
572,-20.021046107055064,1,-230.50154833223073
573,-15.187821057858176,0,17.286169781018753
574,-44.67805778412399,0,82.51251729726889
575,24.906790115446533,1,-39.980997727096444
576,-33.53305494044786,0,-78.66250289149639
577,-20.82654988631542,0,-131.6816669012233
578,-0.15298407997825958,0,1.538606815493891
579,34.46083626515587,1,139.72468695037344
580,-15.151889288764723,0,-95.65378281309086
581,-20.34866293036953,0,-72.65875211941864
582,-6.1635423220631775,0,-20.862347743746344
583,-21.66037284001481,0,33.61052811719223
584,0.06479995723458731,1,4.4443083832221495
585,-9.706419811604105,1,-12.665807854054137
586,1.0662298226043345,0,1.131184933202621
587,40.68009150572728,0,62.23732441546749
588,-19.48126274823591,0,-78.68328585456196
589,-29.384372399377874,1,-48.1379722517747
590,-39.67139583426029,0,-417.6866806814541
591,-10.24843894387345,1,-34.06523072438994
592,50.013557400019195,1,161.06232498812622
593,-47.29228863241795,1,49.94933701633747
594,-2.6764644275326903,0,-8.952838298625391
595,25.400923807821584,1,56.42179667272057
596,-2.2839124656647813,1,0.6035893151224421
597,-50.53466514458955,0,-315.5912350353113
598,-5.723682415311588,0,-17.828389439748918
599,13.090112194920703,0,0.4998343956658198
600,-13.519284163959211,0,-78.38560107222003
601,18.585486189082907,0,69.0024635154185
602,3.8663607039947436,0,24.72443190652044
603,43.359194004166035,1,406.82686796551593
604,3.976014332727701,0,10.319168218421762
605,24.70516940160608,0,97.85847902298485
606,44.986784875989656,1,293.8587639313358
607,5.296247506289654,1,31.003138312812656
608,7.694748778199537,0,-3.3678780622571
609,-24.403465919240027,0,-79.24769615072196
610,-15.443442283029714,1,31.533833926927315
611,0.5148603430906917,0,1.1064447921104938
612,58.760559823568485,0,208.74237998586128
613,-8.357424159611776,0,-18.315213602277588
614,0.88768374215935,1,10.855000716015116
615,15.552343623213476,1,22.02931618291702
616,-12.540460606943125,0,-104.39494156391808
617,-31.64064485938231,1,-31.203762743628356
618,23.703104690960867,1,255.9898242926906
619,-4.07021965544058,0,-11.83579382320437
620,-4.538375869816019,1,-19.414750782998023
621,-39.63851628338649,1,-274.49900412391577
622,2.0653134421453836,1,5.035908592146479
623,-15.631147231107105,0,-106.97766072281038
624,-0.6545864147846842,0,3.363533626607202
625,8.085745124199109,0,36.66707590037794
626,-7.380124291955203,1,-25.418377693269974
627,-18.706555063477545,0,10.145700800789117
628,11.250094694154628,0,14.230978319732621
629,-15.086638993168453,0,-3.485174696669509
630,50.68462383239808,1,179.1693721380175
631,41.7752947953084,1,4.778973552233431
632,38.36651526465087,0,133.27613870795517
633,55.60988723779981,0,88.97262547860092
634,-21.394960085046343,1,3.8140364933648154
635,17.958987388513897,0,57.03468373032183
636,17.879347839634452,0,-1.937987607319091
637,-6.70499226426851,0,-40.39629970091877
638,0.8416028828848553,0,4.678070224510907
639,-35.13758310636713,0,158.13728177920828
640,51.18874684600152,1,160.5283410991958
641,6.541364182178382,0,33.592865129129336
642,8.071043036362042,0,25.21412002434309
643,32.487701459561215,0,15.57369577460789
644,18.70445073959001,1,47.78841723894748
645,-54.89110518111609,0,-382.26087942600407
646,-18.414309017678995,1,-86.19548148553748
647,-4.655861553775636,1,-17.15441996680726
648,-8.479564781859795,0,-41.09705032283264
649,8.57371536273362,1,42.39555462603734
650,-29.03856113175644,0,78.60910561688306
651,47.18194651068684,1,222.2201127767988
652,-2.710707437305243,0,-17.875264954124216
653,-25.86955878267783,0,-172.9273569461476
654,6.240683092795923,1,23.753751565519025
655,-49.42518047696106,0,-168.91671101046734
656,13.27152353056971,0,18.870597808238557
657,14.261610306852807,0,-14.252547848349428
658,43.61369765466773,0,172.04127883241603
659,9.581198705651357,1,15.3368094222479
660,-3.908465799089808,0,-4.456365511876882
661,45.94560297223916,1,147.9047129044
662,2.9480724582045896,1,-2.9526626504911575
663,-2.9750063058851697,1,-12.636037787576505
664,19.722905448215812,1,46.08681566703805
665,6.074003540773006,1,20.018765284993176
666,-10.319416250222261,1,-18.23779950196449
667,-24.695294317445814,0,-44.10018350370334
668,16.259086486485955,0,76.35389376033359
669,-17.92579396950903,0,-145.18943463972286
670,11.420182973479509,0,4.362790083807137
671,25.97837133978101,0,88.60792568564543
672,31.702584580595573,0,70.73180256154807
673,14.64598996263388,0,43.6193893438101
674,37.61409566070432,1,115.43700794948933
675,-76.21022746937143,0,33.1533005197115
676,27.037285698373253,0,49.356232255189106
677,-1.2411855624328987,0,-3.742576125222681
678,-4.952987935945475,1,-27.297261664307587
679,-9.942605236943077,0,-48.42027701975611
680,-2.833352922166074,1,-18.628128518912725
681,3.3080366264931422,0,2.24113398005265
682,2.1275169154431293,0,11.479102830842518
683,31.647172744514666,1,-11.418195381008767
684,27.498394588291763,1,20.922652859740577
685,-5.7150297830472425,0,-17.383625313270404
686,18.305299168129828,1,2.488077602572039
687,21.879953055351837,1,81.45924077085407
688,-48.92514304803304,1,-332.89520922190803
689,31.02645984647522,1,-32.36467078036573
690,-30.357475465289056,0,19.223398097800228
691,46.62817666653676,0,118.88951737771507
692,-24.183442470673484,1,-117.12636716297668
693,15.427223667735593,0,47.24606527139396
694,50.8491892148491,0,378.2185031763815
695,10.707724935112793,1,36.789486588732196
696,-32.93004349258681,0,-139.15561878179898
697,-26.86134964373432,1,-133.1640128404012
698,-25.231746544299742,1,-123.55624074106879
699,-3.547389211100219,0,0.03348534709082385
700,22.907842359439314,0,99.08530091965797
701,21.8492611551337,1,65.17947374369561
702,8.8533358369496,1,16.64904880344592
703,16.74894637264652,0,-48.285241879481696
704,-18.455944176773965,1,-11.264687752619587
705,-4.200313224132042,1,17.025948984052373
706,20.874599747692066,0,173.05451543656017
707,14.756208691484888,0,64.43929864764712
708,-21.21298617573041,0,-110.51073120473296
709,21.159991314904826,0,86.88912585986901
710,-12.127756441801361,0,4.455579887766478
711,14.73920648273701,1,30.814818989667824
712,0.9517345586250876,1,5.117587819678806
713,33.32560971817909,1,123.29061478785042
714,26.854475326134917,1,79.19592517411772
715,8.166591047176773,0,31.534739266337713
716,-15.430009380181277,1,-119.627863930266
717,-17.604509723443513,1,-102.29211866416
718,4.248489881336229,0,4.758307243218023
719,-13.535893015417901,0,-103.07644956007333
720,6.474828685031452,1,61.10094720455204
721,-24.75506752977064,1,-53.46879159839369
722,-37.28685263848278,1,106.81006035762452
723,3.129851644704334,1,29.07295617643206
724,52.27939996729672,1,78.49566262041931
725,-89.50588538120928,0,-149.90591142305215
726,26.25108819327825,1,-9.65438198021937
727,19.0946462967238,1,98.30416395348159
728,-38.90368068345976,1,-132.49856297244244
729,28.988554301715684,1,160.46867774176897
730,12.08607299522764,0,94.7036455125358
731,32.21769769151194,1,117.05747038800095
732,3.012748597852545,0,0.44445566110789314
733,17.526986511762917,0,103.50076239832126
734,-51.36175553430003,0,-296.9091029551554
735,-42.584539870755684,0,-92.65362046097927
736,37.11458663261123,0,19.69399538452946
737,16.199835851649336,0,93.86830875791826
738,25.880054804387335,1,99.9924692432457
739,-33.08301232905351,1,-112.23568855923779
740,-16.553324328568504,1,-60.847926400308666
741,-53.422278256750744,1,-167.4069544578092
742,6.776294748714154,1,5.230313698217007
743,28.26698532094209,1,185.98505137417604
744,-16.005530080203044,1,19.270094449688035
745,7.180667769983638,1,33.982512770622016
746,-1.2491780664132066,1,-3.9857394786713045
747,11.782585365289338,0,91.81876909051309
748,32.93016356932778,0,43.5690922326008
749,-32.09216017078344,1,-152.3489962354737
750,24.23905571462289,1,-34.04486634132416
751,42.49529292916588,1,-13.467291826151856
752,-33.169840714527716,0,-150.22258305123006
753,10.992497416277766,0,5.076069910113176
754,-20.32236122898989,0,-35.080355279372476
755,19.321333351199918,0,40.5765082740538
756,-13.236456422471749,0,-36.08581789733161
757,19.591818824639624,0,30.907581230520837
758,40.60895511106967,1,132.9483219643244
759,29.584396258670925,1,81.77857108491756
760,32.742832153656714,0,48.480681770855455
761,3.5169369113552866,1,-1.411313292058672
762,8.976184913062779,0,20.716801926811005
763,77.31372257198157,1,338.857551366136
764,26.690510764666683,0,75.3779358913317
765,-2.929765885952947,0,-12.24973441914355
766,1.9102056470005886,1,2.054714983092835
767,13.6707562552248,1,54.684175655584504
768,-0.9519224708974412,1,2.7057493123452323
769,-27.519649906305837,0,-60.75343586083102
770,-21.81627920945584,1,-197.5246655636811
771,1.7028835091081105,1,6.0264582085369245
772,27.498540111494787,1,30.620908992356988
773,0.2144446094268391,0,-0.45961434895360087
774,21.909132050296108,1,80.4727070803436
775,23.062058743542654,0,8.225984362108665
776,-14.344230531527923,0,-24.335149286952195
777,-17.89473462760319,1,-194.59096249585306
778,-3.704532252165941,1,-3.0597661902483972
779,7.659801740565685,1,36.04299917486015
780,61.00155444555067,1,119.23757482206689
781,-30.331449013034863,1,-137.13920917350427
782,-9.98215172455654,1,-46.2417222520223
783,-11.28067569383753,1,-34.140553483360485
784,-17.287204907260012,1,6.40541771553893
785,3.4524432375882137,1,26.56384090074085
786,-40.91707023586115,0,-161.96328362579587
787,2.1642153083365443,1,10.64892109742124
788,-18.42730048379604,0,-69.7324620778136
789,-6.973962161973066,0,-16.574866450720425
790,11.641630207332918,0,29.98799753626888
791,-13.459203566214303,0,-75.95412992520714
792,-41.979207528249034,0,-38.32200289311206
793,-15.21974771979925,1,-90.07116675321865
794,-3.503689700502463,1,-24.47712771069162
795,29.072706092652496,1,56.36124261045135
796,-11.63906358524539,0,64.42703616269937
797,21.832600509983333,1,-73.0344071584443
798,18.043983318553355,1,21.131208722512195
799,26.18862083076682,0,131.32381467739606
800,-15.581886559196006,0,-13.791571235118365
801,-17.511135717297112,1,14.791813377810364
802,17.600249794903277,1,10.678982211632608
803,-19.648696863691217,1,-71.15202700769677
804,54.80365977387805,0,-90.96645143336839
805,42.20786140350672,1,66.17795619752918
806,-53.37377220024774,1,-9.938225989842987
807,-10.006573654900363,0,-28.585898559668117
808,8.753726155134435,1,89.90654940291854
809,18.537548673938037,1,62.16811847853039
810,9.933262618933497,0,65.69060464629978
811,-28.43899741587984,1,-124.28720396402588
812,0.8954329337391671,1,4.2402139302114
813,35.06539314690178,1,300.85809910022914
814,-33.148363002855724,1,-74.95985506688389
815,-34.44993728611818,0,-33.53710229811621
816,42.934271453197354,0,49.995674022452455
817,45.71577621073071,0,327.01471187769124
818,18.6939425069339,1,81.80538091557443
819,22.78815439896848,1,31.729053306282342
820,36.79989538712976,0,61.530005558871956
821,13.277443992912382,1,13.221468844895263
822,-7.976218455930627,0,-25.515829700899626
823,-6.153543549515935,0,0.11938087570440126
824,28.27836322889346,1,75.69146186402551
825,-23.971327213320414,1,-107.57011232004001
826,12.992294525138458,0,62.808683828159275
827,3.804320163527946,0,13.80009239488258
828,5.30759984025998,1,37.24309338099267
829,11.771104213803051,0,64.32996077597409
830,-19.750324870211273,0,-28.21273658391973
831,22.902394584653802,0,27.87867659359706
832,-14.442298333875405,1,-0.7981702890522446
833,10.959002935826428,1,18.14599587092381
834,-7.621609986458052,1,-32.48528096834997
835,16.274531786611767,0,17.740759350621946
836,0.5277536354922305,0,1.7233771423336535
837,0.5665968396407869,0,2.4338866231706913
838,6.026384132851697,0,50.60843128694661
839,-29.908943060291705,1,-60.59457472247883
840,-7.1478092470959,0,-41.71589114855911
841,26.86612663690284,1,43.48748005920443
842,13.736870137994064,1,101.84777781949077
843,-3.464286721564857,0,1.3464242340096686
844,-20.851946897110803,1,-90.01733457091719
845,-36.84593940420561,0,13.32741321545052
846,10.834285295677988,0,22.685245860048507
847,29.93288801999442,1,181.01802697832534
848,6.564219070953476,1,1.4862419910163016
849,-22.68564791626221,0,-66.8152092403928
850,-40.08774955123138,0,0.8560397928117295
851,-2.4373574337774015,1,-12.090831260864633
852,33.82744346263058,1,121.9725272580026
853,8.911364094307192,1,24.34409701658497
854,-32.25796591364435,0,-183.63929271151588
855,13.676674861538682,1,54.08395265940791
856,31.42741526623633,0,143.96758067710127
857,22.35000739243205,1,142.89081587060335
858,-17.414978995576988,1,0.5823654689458522
859,-33.642340655101435,1,-186.36461176230335
860,-18.556985618383123,1,-9.083909450357451
861,2.0428293445110066,0,2.2508193734737603
862,10.914113373608314,0,17.797705517572986
863,16.2550966703584,0,20.51369274338641
864,-62.47783283225958,1,-303.3157018841354
865,5.207948220210346,0,21.946508622187796
866,-6.409268880421063,0,-45.61685520432587
867,41.55764245998364,1,215.1745951929695
868,8.378758668148485,1,23.60719825865002
869,26.876310669531662,1,-51.628020629540266
870,-26.263449195780364,1,-185.8866363924718
871,6.823690559388467,1,20.69434607697131
872,29.985886321938786,1,141.49999070298085
873,15.418559513858584,1,50.758082475761746
874,-21.493477666787072,0,-148.96697908541594
875,25.961414014043722,0,182.61136203707883
876,-2.984581788834113,0,-15.89002561559746
877,-53.27607843933563,1,-232.06059270978767
878,2.2761717977004667,1,6.455606497155337
879,16.396864456454928,1,47.860052383382346
880,21.01218770262536,1,132.56305380236932
881,11.79351872796553,1,27.48955121616482
882,4.914771802521775,1,-8.155863706845846
883,15.72091746646744,0,126.6748302879491
884,12.228226345316441,0,28.819386274293066
885,41.851503663529954,1,176.06031609218027
886,8.727461858083498,1,44.62312531548437
887,23.671298278403746,1,63.97540541064847
888,-24.92355972548105,0,-116.57053983454607
889,-9.6621036490513,0,29.13599261928517
890,37.82010033154566,1,180.4292356898148
891,35.768396176637076,1,165.3768810094127
892,33.7002525007567,1,178.62314575229587
893,-0.27970901819482075,1,-1.073314232266478
894,15.97134378759951,0,4.831385742162734
895,25.710481693192378,0,31.87481183977148
896,-27.205327537792126,1,-60.007055171155436
897,-0.743952626925863,0,-2.1716270716019017
898,-11.198688461848487,1,-65.66636423323204
899,-24.020434380049547,1,-118.59238587389818
900,1.0064393298731178,1,6.637934858025652
901,30.20333635430026,0,81.5597752828973
902,26.785215312930706,0,134.67811316568594
903,-5.66151166357521,1,-21.131760084542517
904,6.063736383145724,0,12.937933108948165
905,37.95846008450156,1,39.5425003924884
906,-13.791214776613485,0,-61.29091841702224
907,21.227668735158062,1,-4.2132180206250105
908,-13.89355467804806,0,-54.34245398607425
909,-19.71935743027163,1,-83.56333869120608
910,9.194518070405454,0,45.1296855788188
911,-20.484026782636697,0,-178.21016763831398
912,14.05975108680064,1,84.89529250458246
913,-1.9728423666424892,0,2.1448103640334186
914,-26.472984879275938,0,-10.624364621036456
915,-8.34673122732542,0,-3.4256621544570094
916,-18.006452553112553,0,-78.11297850427974
917,2.800175562835914,0,23.113794915632848
918,17.819429450912274,0,48.277493992452925
919,13.295282591039461,0,-10.597969191711918
920,-4.085797029340068,0,-14.553824091807972
921,18.790587225560248,0,65.96598088209758
922,-13.918454608225167,0,-45.92261802727712
923,13.987912720943388,1,33.98043588761125
924,-0.9779415716538216,0,-3.5272847990567766
925,38.89965645407885,1,-67.90178420865419
926,14.332121728434917,1,-0.7866153511407306
927,27.927622576563643,0,141.53353085041172
928,-15.482313348051234,1,-56.91908276873914
929,-8.471941750663204,0,-6.58012311778829
930,-14.173529629736366,0,-47.60869350645127
931,-18.106054213051003,1,-10.156578966685629
932,-36.254399318782184,1,-208.48570232325454
933,-16.407332177516494,1,-47.72366581946027
934,4.221415107078689,1,4.045383015539889
935,-35.4492704024736,0,-140.52970679879064
936,6.781085855852647,1,-13.603875615284922
937,39.06269778176853,1,312.33207511731064
938,56.30996081519498,1,236.97778840001817
939,-31.056818400360815,0,-162.68163487933995
940,-4.219494773369039,0,12.625346954266636
941,32.984688652171045,1,-148.57541682735783
942,-3.274127211905914,1,-1.9063273398211358
943,44.36135094771957,1,88.09991966747715
944,1.080108355808252,1,11.868905136640072
945,-19.13921290115669,0,-50.1861902764589
946,1.9923077404132008,1,0.06340846529330468
947,-27.965567750004283,1,-68.73748836516653
948,-13.358157057478236,1,-94.65753086399101
949,20.71110029110239,0,99.52460216269212
950,-19.754953077579454,1,-73.08335149966061
951,-10.212327854223025,1,0.4703466170004956
952,-30.843700249679816,1,-145.05563729500176
953,-6.359051276252763,0,-10.353349396545013
954,12.625645179356917,1,-26.443303639676085
955,-20.49338402559074,0,-59.086723861795946
956,5.782837329069329,1,16.873185872007067
957,8.332410251636086,1,-1.4140838877349675
958,-2.7146185952669724,1,-5.8578094208078415
959,-11.989725548271581,1,18.56823972573682
960,1.4255436194046571,0,4.87081957583661
961,-24.331396503067573,0,-124.95684845753703
962,74.57390591039075,1,552.2816581713804
963,55.446843462320984,1,177.13809323157847
964,49.246017231517826,1,8.754010737571708
965,54.29585748441096,1,-47.026445923588284
966,-40.124794990546285,0,-382.02040403851555
967,17.272232587327625,0,133.22317695084087
968,3.27497928396303,0,19.08470053141173
969,7.800807701929667,1,47.19546190305925
970,10.817741666745452,1,33.514164116318234
971,-48.77589520935271,1,59.09033810462394
972,-6.110161942326674,0,-35.924302042623665
973,-36.191172300354445,1,-326.0343020508875
974,-12.891766775087165,1,-23.482302755718052
975,11.309049340725101,0,-4.649178699916247
976,13.558438436655516,1,98.41427149283939
977,33.56613704819499,0,51.77545500326177
978,14.421083058191645,0,101.19332984009719
979,-21.183758623809005,1,-126.7718499357972
980,-32.74646419547592,0,29.797529681766004
981,15.452498106818657,0,-4.29694105867382
982,24.83404793550524,1,137.62704395756379
983,1.6008544816423909,1,7.165930882062259
984,-14.7317354598279,1,-38.940681331547836
985,-20.39635413258548,1,-104.18424521879925
986,20.104042115747394,1,150.07963644272957
987,1.5569296849900551,1,9.176095560323462
988,-13.086996591786018,1,-42.347477674166235
989,38.741098695128315,1,143.114917549384
990,65.43940920946139,1,321.2816473668438
991,33.589918343867915,0,169.9498021154015
992,-11.995481221256687,0,-40.768835196079294
993,22.005094873729018,1,119.1778384390927
994,-24.010940747421166,0,26.490261703043657
995,3.7325503572278627,0,3.365641751707532
996,24.149993632883653,0,165.3982846178489
997,58.12916568182247,0,470.6523424238899
998,20.011803897177103,1,159.74180322135075
999,12.705009686746335,0,65.59938841871492
